persona,source_type,tier,title,org,author,date,url,summary,excerpt,priority_axis,stance_signal,collector,verified,note
기후부,기고,t1,[취임사] 김성환 제22대 환경부 장관 취임사,환경부(現 기후에너지환경부),김성환,2025-07-22,http://www.me.go.kr/minister/web/board/read.do?menuId=379&boardId=1754780&boardMasterId=15&boardCategoryId=15,2030년까지 2018년 대비 온실가스 40% 감축 의무를 강조하며 전환·산업·수송·건물 등 전 부문의 탈탄소 전환에 총력을 다하겠다고 밝힘. 체질 개선을 녹색산업 육성·지역발전 기회로 삼겠다는 기조를 취임 초부터 제시.,우리나라는 2030년까지 온실가스 배출량을 2018년 대비 40% 감축해야 할 의무가 있습니다.,감축목표 정합성,지지,AI 수집(원문 대조 필요),Y,me.go.kr 열린장관실 게시물. URL의 jsessionid는 세션별로 만료될 수 있어 재접속 시 메뉴(열린장관실>말과 글)에서 재검색 필요.
기후부,기고,t1,[출범사] 기후에너지환경부 출범식 출범사,기후에너지환경부,김성환,2025-10-01,https://mcee.go.kr/minister/web/board/read.do?menuId=&boardId=1770080&boardMasterId=15&boardCategoryId=,"기후·환경·에너지를 한 부처로 통합한 기후에너지환경부 출범을 선언하며, 재생에너지 중심 에너지체계 대전환(현 34GW→2030년 100GW), 탄소중립산업의 국가 신성장동력화, 탈탄소 로드맵 제시 등 5대 추진과제를 제시.","기후 위기가 인류의 생존과 세계 경제를 위협하는 오늘, 대한민국 기후에너지환경부가 출범합니다.",재생에너지 확대·가격경쟁력,지지,AI 수집(원문 대조 필요),Y,게시 시스템상 게시일 표기가 2025-10-26으로 보일 수 있으나 기후부 실제 출범일(2025-10-01) 기준으로 date 기입. 원문 대조 시 확인 필요.
기후부,보도자료,t2,"정부, '2035년 온실가스 감축 목표' 확정…기존 대비 53~61%↓",기후에너지환경부(정책브리핑 재게시),김성환,2025-11-11,https://www.korea.kr/news/policyNewsView.do?newsId=148954548,"2018년 순배출량 대비 2035년까지 53~61% 감축을 국무회의에서 최종 확정. 국민참여형 공론화(9월~10월 6개 분야 대국민 논의)를 거쳤음을 강조하며, 감축목표를 녹색산업 육성 기회로 삼겠다고 발언.",이번 2035 국가 온실가스 감축목표 수립으로 기후위기 대응을 새로운 녹색산업 육성의 기회로 활용하여 탈탄소 녹색문명의 선도국가로 거듭나도록 하겠다,감축목표 정합성,지지,AI 수집(원문 대조 필요),Y,"대한민국 정책브리핑(korea.kr)이 기후에너지환경부 보도자료를 재게시한 페이지. mcee.go.kr 원 게시물 링크는 세션 만료로 직접 접속 실패(404), korea.kr 링크로 대체."
기후부,언론기사,t3,"김성환 장관 ""文정부 탈원전 논쟁하다 석탄 퇴출 속도 못 내""",전기신문,,2025-12-30,https://www.electimes.com/news/articleView.html?idxno=363604,"과거 정부의 탈원전 논쟁이 석탄발전 퇴출 지연과 재생에너지 OECD 최하위 수준을 초래했다고 비판하며, 원전과 재생에너지를 함께 고려하는 에너지믹스 재설계가 불가피하다는 입장을 밝힘.","문재인 정부 5년간 탈원전 논쟁에 휩싸이면서 석탄 발전 퇴출에 속도를 내지 못했고, 그 결과 우리나라 재생에너지 수준이 경제협력개발기구(OECD) 최하위로 떨어졌다",에너지믹스(원전-재생 병행),중립,AI 수집(원문 대조 필요),Y,정책토론회 발언을 다룬 기사.
기후부,언론기사,t3,"김성환 장관, 폐쇄 앞둔 태안화력 방문…""정의로운 전환 첫걸음""",서울경제,,2025-10-10,https://www.sedaily.com/NewsView/2GZ4H69BNT,"기후부 출범 이후 첫 발전시설 방문으로 태안화력 1호기(12월 가동정지 예정)를 찾아 탈석탄 정책 의지를 표명. 1호기 근무 인력 129명 전원 재배치(서부발전 본사 65명→구미 LNG, 협력업체 64명→태안 내 타 석탄발전소) 등 고용 대책도 함께 발표.",정의로운 전환 첫걸음,석탄발전 조기폐지·정의로운전환,지지,AI 수집(원문 대조 필요),Y,"기사 제목에 포함된 인용. 본문 내 안전 관련 발언(""국민의 생명과 안전을 최우선으로 삼겠다"")도 확인되나 별도 축과 연관성 낮아 미포함."
기후부,언론기사,t3,"김성환 장관 ""2040년 석탄발전 전면폐지...탈탄소 전기국가로""",오마이뉴스,,2026-06-04,https://www.ohmynews.com/NWS_Web/View/at_pg.aspx?CNTN_CD=A0003240328&PAGE_CD=N0002&CMPT_CD=M0112,"정책간담회에서 2040년 석탄발전 전면 폐지 로드맵과 잔여 설계수명 처리 방안을 제시하며, 국정과제인 2050년→2040년 조기 폐지 방침과 연계해 탈탄소 전기국가 전환을 핵심 과제로 제시.",2040년 석탄발전 전면 폐지 로드맵 및 잔여 설계수명 처리 방안,석탄발전 조기폐지·정의로운전환,지지,AI 수집(원문 대조 필요),Y,장관 직접 화법의 인용문이 아니라 기사 내 정책계획 문구를 그대로 인용한 것.
기후부,언론기사,t3,"김성환 장관 ""원전·재생에너지 조화로운 에너지믹스 논의해야""",청색경제뉴스,,2026-03-07,https://www.blueconomy.co.kr/news/articleView.html?idxno=3497,'바람직한 에너지믹스 2차 정책토론회'에서 재생에너지 중심 전력체계가 바람직하지만 안정적 공급 여건상 원전을 배제하지 않는 이성적 에너지믹스 논의가 필요하다는 입장을 밝힘.,원전을 배제하지 않고 합리적인 수준의 에너지믹스를 이성적으로 논의해야 한다,에너지믹스(원전-재생 병행),중립,AI 수집(원문 대조 필요),Y,"동일 발언 내 ""전체 전력을 재생에너지로만 공급할 수 있다면 좋겠지만...전력을 안정적으로 공급해야 하는 현실을 고려하면 쉽지 않다""도 같은 취지."
기후부,언론기사,t3,"탈탄소·원전·재생에너지 병행…기후부 ""에너지 대전환 기반 구축""",아주경제,,2026-05-20,https://www.ajunews.com/view/20260520161632905,"전기차 보급 확대(신차 5대 중 1대) 성과를 언급하며, 재생에너지 발전단가를 가스발전보다 낮춰 가격 경쟁력을 확보하고 그 혜택을 주민에게 환원하겠다는 재생에너지 확대 전략을 제시.",재생에너지 가격을 얼마나 빨리 낮추느냐가 핵심...가스 발전단가보다 재생에너지가 더 저렴해질 수 있도록 가격 경쟁력을 높이고 그 혜택이 주민들에게 돌아가도록 하겠다,재생에너지 확대·가격경쟁력,지지,AI 수집(원문 대조 필요),Y,
기후부,보도자료,t2,2035 국가 온실가스 감축목표 및 제4기 배출권거래제 할당계획 확정 — 형평성 발언,기후에너지환경부(정책브리핑 재게시),김성환,2025-11-11,https://www.korea.kr/news/policyNewsView.do?newsId=148954548#billing,"NDC 확정과 함께 제4차 배출권거래제 할당계획(2026~2030)을 의결하며, 발전부문 유상할당 비중을 올해 10%에서 2030년까지 50%로 단계적 확대하기로 함. 배출권거래제 참여 기업의 국제 탄소경쟁력 확보를 위해 합리적·형평성 있는 제도 운영을 약속.",배출권거래제에 참여하는 우리 기업들이 국제적으로도 탄소경쟁력을 확보할 수 있도록 합리적이고 형평성 있는 제도를 운영할 것,배출권거래제·산업부담·형평성,중립,AI 수집(원문 대조 필요),Y,행3과 동일 발표 건이나 산업부담/형평성 축을 뒷받침하는 별도 발언이라 분리 수집. 유상할당 확대에 따른 산업계 비용부담 우려(한국경제인협회 등)는 상대 페르소나(산업부) 자료로 별도 수집 권장.
기후부,언론기사,t3,환경부 장관 후보자 인사청문회 — 부처개편안 설명,언론보도(인사청문회 인용),,2025-07-15,https://www.news1.kr/politics/assembly/5847429,국회 환경노동위 인사청문회에서 정부조직 개편 논의 현황을 설명하며 '기후환경에너지부'(환경부+에너지실) 안과 '기후에너지부'(신설) 안 두 가지가 국정기획위에서 논의 중이라고 밝힘. 이후 10월 기후에너지환경부로 최종 출범.,국회 환경노동위 인사청문회에서 정부조직 개편 논의 현황을 설명하며 '기후환경에너지부'(환경부+에너지실) 안과 '기후에너지부'(신설) 안 두 가지가 국정기획위에서 논의 중이라고 밝힘. 이후 10월 기후에너지환경부로 최종 출범.,조직·정책 우선순위,중립,AI 수집(원문 대조 필요),Y,"국회 인사청문회(2025.7.15 환경노동위) 발언 — 언론보도 재인용, record.assembly.go.kr 원 회의록 대조 필요. excerpt는 회의록 원문 대조 전까지 비워둠(간접 인용 문구 ""국정기획위원회에서 두 가지 안으로 정리했다""는 언론 patchwork 인용이라 verbatim 확신 부족)."
기후부,언론기사,t3,"김성환 기후장관 ""열에너지 탈탄소화·핵심광물 재활용, 탄소중립 핵심 축""",전기신문,,2026-07-22,https://www.electimes.com/news/articleView.html?idxno=370532,"삼성물산·삼성전자 수원사업장·수도권자원순환센터 등 현장 방문 후, 산업·건물 열에너지의 히트펌프 전환과 자원순환(플라스틱 저감, 핵심광물 재활용)을 탄소중립·순환경제의 핵심 축으로 제시하며 산업계 확산을 위한 정책 지원을 약속.","산업 및 건물 열에너지의 히트펌프 전환, 일상 속 플라스틱 실천, 전기·전자제품을 통한 핵심 광물 재활용은 탄소중립과 순환경제 촉진의 핵심 축이며, 이러한 선도 모델이 산업계 전반으로 확산돼 우리 기업의 글로벌 녹색 경쟁력을 제고할 수 있도록 정책적 지원을 다 하겠다",산업 탈탄소·순환경제,지지,AI 수집(원문 대조 필요),Y,"사용자 요청(조선·중앙·동아·한겨레 4대 일간지, 최근 1년) 대응 중 확인된 제약: 해당 4개 도메인은 WebSearch(site:/allowed_domains)·WebFetch(직접 URL·네이버뉴스 검색 경유) 모든 방식에서 접근이 차단되어 원문 수집 불가. 이에 접근 가능한 매체로 동일 시기 발언을 대체 수집함."
기후부,언론기사,t3,"[李 정부 경제팀 1년] 기후·에너지 한 지붕 만든 김성환…전력·용수 확충, 에너지믹스가 과제",아주경제,,2026-07-21,https://www.ajunews.com/view/20260721134433385,"취임 1년 평가 기사. 기후·환경·에너지 통합부처 출범과 2035 NDC(2018년 대비 53~61% 감축)·재생에너지 100GW 목표 수립을 1년차 성과로 평가하고, 2년차 과제로 제12차 전력수급기본계획 수립, 반도체·AI데이터센터용 송전망·용수 확충, 원전-재생 에너지믹스 균형, 발전공기업 기능재편을 제시.","환경과 산업, 에너지는 더 이상 대립하는 개념이 아니라 함께 가야 할 분야",전력망·용수 확충(반도체·AI 데이터센터 수요 대응),지지,AI 수집(원문 대조 필요),Y,4대 일간지 대체 수집(위 행과 동일 사유). 취임 1주년 종합 평가 기사로 여러 우선순위 축에 걸친 발언 포함.
기후부,언론기사,t3,"우재준 의원, 환경부 장관 청문회서 '취수원 다변화‧예타 면제' 답변 이끌어내",전기신문,,2025-07-15,https://www.electimes.com/news/articleView.html?idxno=357993,"환경부 장관 후보자 인사청문회에서 대구·구미 간 취수원 갈등과 울산 암각화 보존 문제 등 복합적 요인을 인정하면서도, 시민 불신 해소를 위한 최적 방안을 모색하겠다고 밝히고, 안전성을 중시하되 예산 신속 편성을 위한 예비타당성조사 면제 필요성에도 개인적으로 동의한다고 답변.","대구시와 구미시 간 갈등, 울산 암각화 문제 등 복합적 요인이 있지만, 시민 불신을 해소할 수 있는 최적 방안을 찾겠으며 사업부서 입장에서 안전성을 중시하고, 예산이 빨리 편성되도록 예타 면제도 필요하다는 데 개인적으로 동의한다",물관리·댐·가뭄대응,지지,AI 수집(원문 대조 필요),Y,"정식 임명(2025-07-22) 이전, 7월 15일 인사청문회에서 후보자 신분으로 우재준 의원 질의에 답변한 것. 전기신문(electimes.com) 전수조사(2025.07~2026.07) 결과 병합."
기후부,언론기사,t3,"""수송 부문 탄소중립 실현""…김성환 환경장관, 전기 상용차 보급 활성화",전기신문,,2025-07-24,https://www.electimes.com/news/articleView.html?idxno=358339,"전기차 산업을 국가경제를 이끌 차세대 성장동력이자 수송부문 탄소중립 실현의 견인차로 평가하며, 국내 전기 상용차 산업 경쟁력 강화를 위해 보조금 정책의 효율성을 높이는 등 국내 생산 전기 상용차 보급을 적극 추진하겠다는 의지를 밝힘.",전기차 산업은 국가 경제를 이끌 차세대 성장동력일 뿐 아니라 수송 분야 탄소중립 실현의 견인차 역할을 한다…국내 전기 상용차 산업의 경쟁력 강화를 위해 보조금 정책의 효율성을 제고하는 등 국내 생산 전기 상용차 보급을 적극적으로 추진해 나가겠다,수송부문 전동화(전기차·건설기계),지지,AI 수집(원문 대조 필요),Y,전기신문(electimes.com) 전수조사(2025.07~2026.07) 결과 병합.
기후부,언론기사,t3,"""자원순환·재생E 활성화""…김성환 환경장관, 바이오가스 생산시설 현장 점검",전기신문,,2025-07-25,https://www.electimes.com/news/articleView.html?idxno=358365,"가축분뇨·음식물폐기물 등을 방치하면 환경오염원이 되지만 바이오가스로 전환하면 재생에너지 생산, 자원순환, 환경오염 방지라는 세 가지 효과를 동시에 얻을 수 있다고 강조하며 탈탄소 녹색문명 전환의 실천 사례로 제시.","가축분뇨, 음식물류 폐기물 등은 적절히 처리되지 않으면 환경오염의 원인이 될 수 있지만 이를 바이오가스로 전환하면 재생에너지 생산과 자원순환 및 환경 오염 방지라는 세 마리 토끼를 잡을 수 있다",폐기물·자원순환,지지,AI 수집(원문 대조 필요),Y,전기신문(electimes.com) 전수조사(2025.07~2026.07) 결과 병합.
기후부,언론기사,t3,"'2030 NDC' 달성에 우려 표한 김성환 환경장관 ""실현 가능성이 핵심""",전기신문,,2025-08-04,https://www.electimes.com/news/articleView.html?idxno=358588,"2035년 국가온실가스감축목표(NDC) 설정보다 당장 2030 NDC 달성 여부가 더 시급하고 중요한 과제라고 강조하며, 목표의 실현 가능성을 핵심 쟁점으로 제시.",2035 NDC보다 더 절박한 게 2030 NDC 어떻게 달성할 수 있느냐가 더 중요한 과제다,감축목표 정합성,우려,AI 수집(원문 대조 필요),Y,전기신문(electimes.com) 전수조사(2025.07~2026.07) 결과 병합.
기후부,언론기사,t3,"김성환 환경장관 ""재생에너지 보급 확대, 매립지 공간도 활용해야""",전기신문,,2025-08-05,https://www.electimes.com/news/articleView.html?idxno=358608,매립가스 발전(50MW 사례)처럼 환경기술과 운영 노하우를 접목해 매립지 공간을 재생에너지 등 새로운 가치 창출 공간으로 활용할 것을 주문.,매립가스 50MW 발전소 사례처럼 환경기술과 수도권매립지관리공사의 운영 노하우를 접목해 매립 공간의 가치를 새롭게 만들어달라,폐기물·자원순환,지지,AI 수집(원문 대조 필요),Y,전기신문(electimes.com) 전수조사(2025.07~2026.07) 결과 병합.
기후부,언론기사,t3,"김성환 환경장관, 극심한 가뭄 겪는 강릉 현장 점검",전기신문,,2025-08-22,https://www.electimes.com/news/articleView.html?idxno=359058,"강릉시가 올해 최악의 가뭄으로 생활·공업용수 제한급수까지 시행하는 어려움을 겪고 있다고 진단하고, 재발 방지를 위해 지하수 저류댐 등 대체 수자원 확보와 수질 개선된 도암댐 연계 등 기존 수자원의 효율적 활용 방안을 다각도로 검토하겠다고 밝힘.","강릉시는 올해 최악의 가뭄을 맞이해 생활·공업용수 제한급수까지 시행하는 등 많은 어려움을 겪고 있다""며 ""앞으로 또다시 가뭄 문제가 반복되지 않도록 지하수 저류댐 등 대체 수자원 확보와 과거와 달리 수질개선으로 활용 가능성이 높아진 도암댐 연계 등 기존 수자원의 효율적인 활용 방안을 다각도로 검토하겠다",물관리·댐·가뭄대응,우려,AI 수집(원문 대조 필요),Y,전기신문(electimes.com) 전수조사(2025.07~2026.07) 결과 병합.
기후부,언론기사,t3,"김성환 환경장관, 낙동강 권역 신규 댐 후보지 찾아 의견 청취",전기신문,,2025-08-26,https://www.electimes.com/news/articleView.html?idxno=359157,"세계문화유산 반구대암각화 보존을 위해 울산·대구 등 지자체 간 상호협력을 도모하고, 낙동강 수계 전반의 물 문제(취수원 갈등 등)를 원만한 합의로 이끌겠다는 조정자적 입장을 밝힘.","세계문화유산인 반구대암각화의 보존을 위해 울산, 대구 등 지역 간 상호 협력과 함께 낙동강 수계 전반의 물 문제도 원만히 합의될 수 있도록 최선을 다하겠다",물관리·댐·가뭄대응,지지,AI 수집(원문 대조 필요),Y,전기신문(electimes.com) 전수조사(2025.07~2026.07) 결과 병합.
기후부,언론기사,t3,"김성환 환경장관 ""탄소중립 실현 위해 건설기계 전동화 적극 추진""",전기신문,,2025-08-28,https://www.electimes.com/news/articleView.html?idxno=359262,"건설기계(지게차 등) 전동화가 탄소중립 실현뿐 아니라 국내 산업 경쟁력 강화와 수출 증대의 기회라고 강조하며, 분야별 전동화 로드맵 수립 방침을 시사.",지게차 등 건설기계 전동화는 탄소중립을 실현하고 국내 산업 경쟁력 강화와 수출 증대를 위한 중요한 기회다,수송부문 전동화(전기차·건설기계),지지,AI 수집(원문 대조 필요),Y,전기신문(electimes.com) 전수조사(2025.07~2026.07) 결과 병합.
기후부,언론기사,t3,"김성환 환경장관, 금강·영산강·섬진강 권역 신규 댐 후보지 찾아 의견 청취",전기신문,,2025-08-29,https://www.electimes.com/news/articleView.html?idxno=359311,"신규 댐 건설을 둘러싼 찬반 논란을 인정하면서, 현장 의견 수렴을 거쳐 합리적인 추진 방향을 설정하겠다는 절차 중심적·신중한 입장을 밝힘.",신규댐에 대한 다양한 의견과 찬반 논란이 있는 만큼 현장의 생생한 목소리를 듣고 합리적인 댐 추진 방향을 설정하겠다,물관리·댐·가뭄대응,중립,AI 수집(원문 대조 필요),Y,전기신문(electimes.com) 전수조사(2025.07~2026.07) 결과 병합.
기후부,언론기사,t3,"""올해 부지선정 하려던 신규원전 제동?…환경장관 '공론화' 거론""",전기신문,,2025-09-10,https://www.electimes.com/news/articleView.html?idxno=359659,"기존 원전 계속운전(수명연장)은 안전성이 확보되면 가능하다는 입장이지만, 신규 원전 건설 여부는 국민 공론화 과정을 거쳐 신중히 판단해야 한다고 밝혀 올해 예정된 신규원전 부지선정 절차가 지연될 가능성을 시사.",기존 원전을 계속 연장해서 쓰는 문제는 안전성을 담보로 하더라도 신규원전 건설을 어떻게 할 것인지는 조금 더 국민 공론을 듣고 판단해야 한다,에너지믹스(원전-재생 병행),우려,AI 수집(원문 대조 필요),Y,전기신문(electimes.com) 전수조사(2025.07~2026.07) 결과 병합.
기후부,언론기사,t3,"김성환 환경장관 ""기후부와 산업부는 형제 부서…한 몸처럼 움직일 것""",전기신문,,2025-09-10,https://www.electimes.com/news/articleView.html?idxno=359666,조직개편 이후에도 기후에너지환경부와 산업통상자원부는 전기차 보조금·재생에너지 정책 등에서 긴밀히 사전 협의해야 하는 형제 부서 같은 관계이며 정책을 굳이 나눠 볼 이유가 없다고 강조. 같은 간담회에서 2030 NDC(온실가스 40% 감축) 달성이 지난 3년간의 후퇴로 매우 어려운 과제라는 점도 인정.,"조직 개편 이후에도 산업부와 기후에너지환경부는 거의 형제 부서처럼 협력하고 사전 협의를 해야 하는 굉장히 중요한 부서다""며 ""한 몸처럼 움직여야 하므로 이를 너무 나눠 볼 이유가 없다",조직·정책 우선순위,지지,AI 수집(원문 대조 필요),Y,전기신문(electimes.com) 전수조사(2025.07~2026.07) 결과 병합.
기후부,언론기사,t3,"전기위원회 독립·전력감독원 신설되나…김성환 장관 ""조속히 결정""",전기신문,,2025-09-10,https://www.electimes.com/news/articleView.html?idxno=359669,전기위원회 독립 여부와 전력감독원 신설 등 전력망 관리체계 개편 문제를 조직개편 마무리 후 대통령실과 협의해 조속히 결론을 내리겠다는 적극적 추진 의지를 밝힘.,조직 개편이 마무리되는 대로 전기위원회 독립 문제를 포함해 전력망 체계의 근본적 개편과 안정적 관리를 위한 전력감독원 설치 문제를 대통령실과 협의해 조속히 결정하겠다,전기요금체계 개편,지지,AI 수집(원문 대조 필요),Y,전기신문(electimes.com) 전수조사(2025.07~2026.07) 결과 병합.
기후부,언론기사,t3,"태양광 산업 현장 찾은 김성환 장관, '정부–업계 협력' 신호탄",전기신문,,2025-09-12,https://www.electimes.com/news/articleView.html?idxno=359747,"국내 태양광 산업의 안정적 공급망 확보와 기술 경쟁력 강화를 위해 정책적·재정적 지원을 아끼지 않겠다고 밝히며, 재생에너지 확대 과정에서 국내 태양광 기업이 탈탄소 전환의 핵심 주체가 될 것이라고 강조.","국내 태양광 산업의 안정적인 공급망을 확보하는 한편, 국내 업체 기술력이 세계 시장에서 우위를 점할 수 있도록 정책적·재정적 지원을 아끼지 않겠다""며 ""태양광을 비롯한 재생에너지가 획기적으로 확대되는 과정에서 국내 태양광 업체가 탈탄소 녹색문명 전환의 주역이 될 것",재생에너지 확대·가격경쟁력,지지,AI 수집(원문 대조 필요),Y,전기신문(electimes.com) 전수조사(2025.07~2026.07) 결과 병합.
기후부,언론기사,t3,"(2025 국감) 김성환 기후장관 ""안전성 담보 된다면 원전 계속운전 필요""",전기신문,,2025-10-29,https://www.electimes.com/news/articleView.html?idxno=361175,원전 계속운전(수명연장) 문제에 대해 안전성이 전제·담보된다면 계속운전이 필요하다는 조건부 긍정 입장을 밝혔다. 아울러 전력시장 규제기구인 전기위원회의 독립이 시기적으로 필요하다는 견해도 함께 제시했다.,안전성이 담보된다면 계속운전도 필요하다고 판단하고 있다,에너지믹스(원전-재생 병행),지지,AI 수집(원문 대조 필요),Y,국회 기후에너지환경노동위원회 종합국정감사(2025.10.29) 강득구 의원 질의 답변. 전기신문(electimes.com) 전수조사(2025.07~2026.07) 결과 병합.
기후부,언론기사,t3,"(2025 국감)김성환 기후장관 ""재생에너지 확대, 전기요금 인상과 무관""",전기신문,,2025-10-29,https://www.electimes.com/news/articleView.html?idxno=361184,"국정감사에서 재생에너지 확대가 전기요금 인상의 원인이라는 프레임을 명확히 반박하며, IEA 기준 태양광·풍력이 이미 가장 저렴한 에너지원이라고 강조했다. 과거 요금 인상은 2021~2023년 러시아-우크라이나 전쟁으로 인한 국제유가 급등이 원인이었다고 설명했다.",재생에너지 확대와 전기요금 인상은 직접적인 연관이 없다,전기요금체계 개편,지지,AI 수집(원문 대조 필요),Y,국회 기후에너지환경노동위원회 종합국정감사(2025.10.29) 답변. 전기신문(electimes.com) 전수조사(2025.07~2026.07) 결과 병합.
기후부,언론기사,t3,"(2025 국감) 野, ""NDC·AI 산업 위해 원전 필요""…김성환 기후장관 ""잘 하겠다""",전기신문,,2025-10-29,https://www.electimes.com/news/articleView.html?idxno=361188,"야당이 국가온실가스감축목표(NDC) 달성과 AI 산업 전력수요를 위해 원전이 필요하다고 압박하자, 대부분 국가가 재생에너지 중심에 원전을 병행(믹스)하고 있다는 절충적 입장을 밝혔다. 원전 확대에 대한 명시적 확답은 피하면서도 원자력 활용 의지 자체는 긍정했고, 원전 희망 지역 문제는 12차 전기본에 반영하겠다고 답했다.",대부분의 나라가 재생에너지를 중심으로 가면서 원전을 믹스하고 있다,에너지믹스(원전-재생 병행),중립,AI 수집(원문 대조 필요),Y,국회 기후에너지환경노동위원회 종합국정감사(2025.10.29) 답변. 전기신문(electimes.com) 전수조사(2025.07~2026.07) 결과 병합.
기후부,언론기사,t3,(2025 국감)재생에너지 놓고 '뜨거운 공방'...비용·안정성 도마 위에,전기신문,,2025-10-29,https://www.electimes.com/news/articleView.html?idxno=361209,"국정감사에서 재생에너지 확대 비용·안정성에 대한 여야 공방에 맞서, 기후위기 시대에 석탄·원전 중심 전력망에서 재생 중심으로의 전환이 불가피하다고 답변했다. 시스템 전환비용을 포함해도 재생에너지가 비싼 에너지가 아니며, 최근 해외 수주 단가(kWh당 30~40원)를 근거로 제시했다.","전력망은 오랫동안 석탄·원전 중심의 대규모 송전 구조로 짜여 있었지만, 기후위기 시대에는 재생 중심으로의 전환이 불가피하다",재생에너지 확대·가격경쟁력,지지,AI 수집(원문 대조 필요),Y,국회 기후에너지환경노동위원회 종합국정감사(2025.10.29) 답변. 전기신문(electimes.com) 전수조사(2025.07~2026.07) 결과 병합.
기후부,언론기사,t3,"(2025 국감) 김성환 기후장관 ""ETS 유상할당 확대, 산업계 부담 없게 관리할 것""",전기신문,,2025-10-29,https://www.electimes.com/news/articleView.html?idxno=361213,"배출권거래제(ETS) 유상할당 비율 확대가 산업계에 즉각적 부담으로 이어지지 않도록 관리하겠다는 입장을 밝히며, 유럽이 발전부문 유상할당을 100%까지 확대했음에도 전기요금 인상보다는 재생에너지 단가 하락·석탄 조기퇴출로 이어진 사례를 근거로 들었다.","유럽은 발전 부문 유상할당 비율을 이미 100%까지 높였지만, 전기요금 인상보다는 재생에너지 단가 하락과 석탄 조기 퇴출 등의 변화가 생겼다",배출권거래제·산업부담·형평성,지지,AI 수집(원문 대조 필요),Y,국회 기후에너지환경노동위원회 종합국정감사(2025.10.29) 답변. 전기신문(electimes.com) 전수조사(2025.07~2026.07) 결과 병합.
기후부,언론기사,t3,"김성환 기후장관, 현대차·HD현대중 등 울산 탈탄소 산업전환 현장 점검",전기신문,,2025-10-30,https://www.electimes.com/news/articleView.html?idxno=361232,"울산의 현대차·HD현대중공업 등 산업현장 점검을 통해 이들이 향후 탄소중립 시대 한국 산업경쟁력의 청사진을 보여준다고 평가하고, 육상·해상 모빌리티 탈탄소화와 친환경 에너지 전환을 위한 기업의 혁신을 정부가 적극 지원하겠다고 밝혔다.","울산의 산업현장은 다가올 탄소중립 시대 대한민국 산업 경쟁력의 청사진을 보여준다""며 ""정부는 육상‧해상 모빌리티의 탈탄소화와 친환경 에너지전환이 이뤄질 수 있도록 기업의 혁신 노력을 적극 지원하겠다",탄소중립 실행전략(산업전환),지지,AI 수집(원문 대조 필요),Y,361233과 동일 계열 취재(울산 현장방문). 전기신문(electimes.com) 전수조사(2025.07~2026.07) 결과 병합.
기후부,언론기사,t3,"현대차, 울산 변속기 만들던 자리에 수소연료전지 신공장 착공…국산 PEM으로 그린수소 생산까지",전기신문,,2025-10-30,https://www.electimes.com/news/articleView.html?idxno=361233,"현대차의 울산 수소연료전지 신공장 착공을 계기로, 모빌리티 탈탄소화와 친환경 에너지 전환을 위한 기업의 혁신 노력을 정부가 적극 지원하겠다는 입장을 밝혔다.",모빌리티의 탈탄소화와 친환경 에너지 전환이 이뤄질 수 있도록 기업의 혁신 노력을 적극 지원하겠다,탄소중립 실행전략(산업전환),지지,AI 수집(원문 대조 필요),Y,361232와 동일 계열 취재(울산 현장방문). 전기신문(electimes.com) 전수조사(2025.07~2026.07) 결과 병합.
기후부,언론기사,t3,제주·전남·부산·경기 '분산에너지특구'로 지정…전력직접거래 등 규제특례 적용,전기신문,,2025-11-05,https://www.electimes.com/news/articleView.html?idxno=361472,"제주·전남·부산·경기를 분산에너지특구로 지정해 전력직접거래 등 규제특례를 적용하는 계획을 논의하며, 이를 에너지 시스템 전환·혁신 및 탈탄소 사회로의 대전환을 뒷받침하는 밑거름으로 규정했다.",오늘 논의한 분산특구 및 에너지이용 합리화 계획이 에너지 시스템을 전환·혁신하고 나아가 탈탄소 녹색문명으로의 대전환에 중요한 밑거름이 될 것,분산에너지·전력직접거래,지지,AI 수집(원문 대조 필요),Y,"제36차 에너지위원회 회의(그랜드하얏트서울, 2025.11.5) 주재 발언. 전기신문(electimes.com) 전수조사(2025.07~2026.07) 결과 병합."
기후부,언론기사,t3,"가스난방 의무화 바뀌나…김성환 장관, 히트펌프 중심 전기화 전환 예고",전기신문,,2025-12-02,https://www.electimes.com/news/articleView.html?idxno=362452,"신축 건물의 가스난방 의무화를 폐지하고 지열·수열 히트펌프를 선택할 수 있도록 제도를 개편하겠다고 예고했다. 기존 단독건물의 히트펌프 전환에는 내년부터 보조금을 지급하고, 내년 하반기~내후년부터 건물 부문 탈탄소화를 본격 추진하겠다는 로드맵을 제시했다.",이제는 건축과정에서 가스난방이 의무화되지 않고 지열이나 수열 등 히트펌프를 선택할 수 있도록 제도를 바꿀 것,건물부문 전기화·탈탄소,지지,AI 수집(원문 대조 필요),Y,세종정부청사 출입기자단 브리핑(12월1일). 전기신문(electimes.com) 전수조사(2025.07~2026.07) 결과 병합.
기후부,언론기사,t3,"""재검토 계획 없다"" 밝힌 김성환 장관…동서울변전소 증설 1월 본격화하나",전기신문,,2025-12-03,https://www.electimes.com/news/articleView.html?idxno=362504,"하남 지역 동서울변전소 증설을 둘러싼 재검토설을 일축하며, 전력망 특별법에 따라 예정된 절차대로 1월 증설을 추진하겠다는 확고한 입장을 밝혔다. 송전망 건설이 불가피함을 인정하면서도 투명한 보상을 통해 주민 갈등을 최소화하는 것이 부처의 역할이라고 규정했다.",재검토 계획은 없다. 동서울변전소 증설은 전력망 특별법에 따라 예정된 절차대로 진행될 것,전력망 확충·주민갈등관리,지지,AI 수집(원문 대조 필요),Y,정부세종청사 출입기자단 브리핑(12월1일). 전기신문(electimes.com) 전수조사(2025.07~2026.07) 결과 병합.
기후부,언론기사,t3,육상풍력 파격적으로 키운다…발전단가 하락‧공급망 육성 본격 추진,전기신문,,2025-12-03,https://www.electimes.com/news/articleView.html?idxno=362510,"그간 정부 정책이 육상풍력을 소홀히 하고 해상풍력에만 집중했던 것을 자기비판적으로 지적하며, 육상풍력을 파격적으로 육성하겠다는 방향 전환을 선언했다. 국내 발전단가(163원 상한)가 유럽(50원 수준)에 비해 여전히 높다는 점을 지적하며 단가 하락과 공급망 육성을 동시에 추진하겠다고 밝혔다.",정부가 그동안 육상풍력보다 해상풍력에 집중해 왔는데 이는 걸음마도 제대로 못하는데 뜀뛰기를 하려고 했던 것이 아닌가 싶다,재생에너지 확대·가격경쟁력,우려,AI 수집(원문 대조 필요),Y,육상풍력 발전 확대 범정부 태스크포스 제1차 회의(2025.12.3). 전기신문(electimes.com) 전수조사(2025.07~2026.07) 결과 병합.
기후부,언론기사,t3,"올겨울 최대 전력수요 94.5GW 전망…""111.5GW 공급 능력 확보""",전기신문,,2025-12-05,https://www.electimes.com/news/articleView.html?idxno=362588,올겨울 최대 전력수요를 94.5GW로 전망하면서 111.5GW의 공급능력을 확보했다고 밝혀 안정적 수급에 자신감을 보였다. 동시에 겨울철 현장 작업 여건이 열악한 점을 언급하며 각 기관 대표들에게 설비관리와 근로자 안전을 직접 챙겨달라고 당부했다.,"겨울철은 현장 작업 여건이 매우 열악한 만큼 각 기관 대표들이 설비관리와 현장 안전을 직접 점검하고, 근로자들이 안전한 환경에서 근무할 수 있도록 세심히 살펴달라",전력수급 안정·현장안전,지지,AI 수집(원문 대조 필요),Y,전기신문(electimes.com) 전수조사(2025.07~2026.07) 결과 병합.
기후부,언론기사,t3,12차 전기본 수립 본격화...제1차 총괄위원회 개최,전기신문,,2025-12-09,https://www.electimes.com/news/articleView.html?idxno=362726,"제12차 전력수급기본계획을 새 정부 출범 후 첫 에너지 종합계획으로 규정하며, 탈탄소 전환과 산업경쟁력을 동시에 뒷받침하는 기반이 되어야 한다고 강조했다. 국민 참여형(개방형) 수립 절차를 강조하는 한편, AI·첨단산업에 대한 전력공급 안정성 확보도 핵심 과제로 제시했다.",제12차 계획은 새정부 첫 번째 에너지 종합계획으로 향후 우리나라 탈탄소 에너지 전환과 산업경쟁력을 뒷받침하는 중요한 기반이 될 것이다,12차 전기본·에너지계획수립,지지,AI 수집(원문 대조 필요),Y,전기신문(electimes.com) 전수조사(2025.07~2026.07) 결과 병합.
기후부,언론기사,t3,"""김성환 장관 '원전 짓지 않겠다면서 수출하는 것 궁색'…文 '탈원전' 비판""",전기신문,,2026-01-07,https://www.electimes.com/news/articleView.html?idxno=363846,"문재인 정부의 탈원전 기조 하에서도 원전 수출을 지속했던 모순을 지적하며, 원전과 재생에너지의 적정 비중을 이성적으로 접근해야 할 문제라고 밝혀 신규 원전 확대 가능성을 시사했다.","국내에서는 원전을 더 이상 짓지 않겠다고 하면서 해외에 원전을 수출하는 것이 한편으로 궁색했다""며 ""우리가 원전 분야에서 세계 최고 경쟁력을 가진 것은 사실",에너지믹스(원전-재생 병행),지지,AI 수집(원문 대조 필요),Y,2026.01.07 '바람직한 에너지 믹스를 위한 2차 정책토론회' 관련 별도 기사(363846/363883)와 동일 행사 발언. 각 기사의 인용문이 달라 모두 수집.
기후부,언론기사,t3,"""신규 원전 계획 11차 전기본대로 추진?…입장 변화 감지된 기후부""",전기신문,,2026-01-09,https://www.electimes.com/news/articleView.html?idxno=363883,"전 세계가 나라별 특성에 맞춰 재생에너지-원전을 병행 전환하고 있다는 점과 한국의 원전 경쟁력을 언급하며, 전력 전체를 재생에너지로만 충당하기 어렵다는 현실을 인정, 11차 전기본상 신규 원전 계획 유지 쪽으로 입장 변화를 시사했다.","전 세계가 재생에너지와 일부 원전을 나라의 특성에 맞춰 그 에너지원을 대전환하고 있다""며 ""마음 같아서는 전체 전력을 다 재생에너지로만 할 수 있다면 좋겠지만...실제로 그렇게 하기가 쉽지 않다",에너지믹스(원전-재생 병행),지지,AI 수집(원문 대조 필요),Y,2026.01.07 '바람직한 에너지 믹스를 위한 2차 정책토론회' 관련 별도 기사(363846/363883)와 동일 행사 발언. 각 기사의 인용문이 달라 모두 수집.
기후부,언론기사,t3,"기후부 소속‧산하기관, 공공부문 이동수단 전동화 앞장",전기신문,,2026-01-13,https://www.electimes.com/news/articleView.html?idxno=364012,"차량·선박·건설기계 등 모든 이동수단의 전동화가 기후위기 대응에 필수적이라며, 기후부 산하 16개 기관이 온실가스 저감과 관련 산업·기술 발전을 선도하는 선언식을 주도했다.","기후위기 대응을 위해서는 차량·선박·건설기계 등 모든 이동수단의 전동화 확산이 반드시 필요하다""며 ""기후부 소속·산하기관이 온실가스 저감과 관련 산업·기술 발전을 선도하도록 최선을 다할 것",탄소중립 실행전략(공공부문 전동화),지지,AI 수집(원문 대조 필요),Y,전기신문(electimes.com) 전수조사(2025.07~2026.07) 결과 병합.
기후부,언론기사,t3,"""김성환 기후장관 '해수담수화, 태양광과 연계해 전기료 낮춰야'""",전기신문,,2026-01-14,https://www.electimes.com/news/articleView.html?idxno=364057,"해수담수화 비용 부담을 낮추기 위해 태양광 발전량이 많은 시간대에 집중 가동하는 등 태양광 연계 방안을 적극 검토해야 한다고 강조하며, 해수담수화 가격을 일반 용수 수준까지 낮추겠다는 목표를 밝혔다.","해수담수화를 일반 생활용수나 공업용수 공급 수준까지 가격 경쟁력을 높여야 한다""며 ""태양광 발전량이 많은 시간대에 집중해 해수를 담수하고, 그렇지 않은 시간대에는 가동하지 않는 등 태양광 연계 방안을 적극 검토할 필요가 있다",물관리·댐·가뭄대응,지지,AI 수집(원문 대조 필요),Y,세종정부청사 환경분야 산하기관 업무보고. 전기신문(electimes.com) 전수조사(2025.07~2026.07) 결과 병합.
기후부,언론기사,t3,"김성환 기후장관, 수도권매립지공사에 존폐·이관 문제 대책 마련 주문",전기신문,,2026-01-14,https://www.electimes.com/news/articleView.html?idxno=364066,"수도권 직매립 금지로 수입원이 급감한 수도권매립지관리공사의 존폐·이관 문제를 연내 명확히 결론짓겠다고 밝혔고, 매립지 메탄 저감을 위한 에너지화·간이소각 설비를 전국 확대해 감축 실적으로 관리하라고 지시했다.",수도권 직매립 금지로 공사 수입원이 대폭 줄어 근무하는 직원들 월급 주는 문제도 쉽지 않을 텐데 공사의 향후 방향을 재설계해야 하는 국면인 것 같다,폐기물·자원순환,우려,AI 수집(원문 대조 필요),Y,세종정부청사 환경분야 산하기관 업무보고. 전기신문(electimes.com) 전수조사(2025.07~2026.07) 결과 병합.
기후부,언론기사,t3,"김성환 기후장관 ""환경정책 실현하는 공공기관 역할 중요""",전기신문,,2026-01-14,https://www.electimes.com/news/articleView.html?idxno=364073,"기후위기 심화 속 안전하고 쾌적한 환경 조성을 위한 산하 공공기관의 현장 역할을 강조하며, 기후부와 공공기관 역량 결집을 통한 지속가능 사회 조성 의지를 밝혔다.",날로 심각해지는 기후위기 속에서 국민 모두가 안전하고 쾌적하게 누릴 수 있는 환경을 조성하기 위해서는 현장에서 정책을 실현하는 공공기관의 역할이 중요하다,조직·정책 우선순위,지지,AI 수집(원문 대조 필요),Y,"세종정부청사, 기후에너지환경부 산하 11개 환경 공공기관 업무보고. 전기신문(electimes.com) 전수조사(2025.07~2026.07) 결과 병합."
기후부,언론기사,t3,"""김성환 기후장관 '국가 균형발전에 기여하도록 전기요금 체계 개편'""",전기신문,,2026-02-10,https://www.electimes.com/news/articleView.html?idxno=365059,"지역별 차등요금제·계시별 요금제 도입이 비수도권 기업 경쟁력을 높일 수 있다고 설명하고, 기업 입지는 정부가 강제할 수 없으나 지역의 안정적 전력·용수 공급 여건 조성은 정부 책임이라는 입장을 밝혔다.","지역 차등 요금제와 계시별 요금제 도입 시 비수도권 기업 경쟁력↑"" / ""기업 입지 선택을 정부가 강제할 수는 없다",전기요금체계 개편,지지,AI 수집(원문 대조 필요),Y,2월 9일 세종정부청사 기자 브리핑. 전기신문(electimes.com) 전수조사(2025.07~2026.07) 결과 병합.
기후부,언론기사,t3,"""재생E 전환, 공공기관이 선도한다""…기후부, K-RE100 출범",전기신문,,2026-02-11,https://www.electimes.com/news/articleView.html?idxno=365134,"공공기관 재생에너지 사용비율 지표 신설을 계기로, 88개 공공기관이 기관별 실행계획을 수립해 재생에너지 중심 에너지 대전환을 선도해야 한다고 밝혔다.",공공기관의 재생에너지 사용 비율 지표가 신설된 만큼 기관별 여건에 맞는 실행계획을 면밀히 수립하고 이를 차질 없이 추진해 재생에너지 중심의 에너지 대전환을 실현할 것,재생에너지 확대·가격경쟁력,지지,AI 수집(원문 대조 필요),Y,"서울 서초구 한전아트센터, K-RE100 출범식(88개 공공기관 협약). 전기신문(electimes.com) 전수조사(2025.07~2026.07) 결과 병합."
기후부,언론기사,t3,"김성환 기후장관, 상수원관리지역 햇빛소득마을 후보지 점검",전기신문,,2026-02-13,https://www.electimes.com/news/articleView.html?idxno=365231,"지방소멸 위기 대응을 위해 상수원관리지역 등 규제지역 주민에게 재생에너지 발전 수익을 직접 환원하는 '햇빛소득마을' 사업을 확대하겠다고 밝히고, 규제지역 주민 체감도를 높이는 정책 추진 속도를 강조했다.",지방소멸 위기에 마을 공동체를 살리기 위해서는 햇빛소득마을 확대와 발전 수익의 직접적인 지역 환원이 중요하다,재생에너지 지역상생(햇빛소득마을),지지,AI 수집(원문 대조 필요),Y,전기신문(electimes.com) 전수조사(2025.07~2026.07) 결과 병합.
기후부,언론기사,t3,"""정부, 분산형 전력망 구축에 3210억 투입…85개 배전망에 ESS 설치""",전기신문,,2026-02-20,https://www.electimes.com/news/articleView.html?idxno=365330,"탄소중립 실현의 열쇠가 에너지전환에 있다고 강조하며, 정부가 3210억원을 투입해 85개 배전망에 ESS를 설치하는 등 차세대 분산형 전력망 구축을 2026년부터 본격 추진해 세계적 모범사례로 만들겠다는 목표를 제시했다.",탄소중립은 우리가 지구와 미래세대를 위해 남길 수 있는 최소한의 책임이며 탄소중립 실현의 열쇠는 결국 에너지전환에 있다,분산형 전력망·ESS 구축,지지,AI 수집(원문 대조 필요),Y,서울 롯데호텔 '분산형 전력망 포럼'. 전기신문(electimes.com) 전수조사(2025.07~2026.07) 결과 병합.
기후부,언론기사,t3,"한·튀르키예, 원전 건설·재생E 등 협력 확대 논의",전기신문,,2026-02-25,https://www.electimes.com/news/articleView.html?idxno=365498,"재생에너지 확대, 전력망 안정화, 원전의 균형있는 활용을 병행하는 에너지전략이 탄소중립과 에너지안보를 동시에 달성하는 핵심 과제라고 밝혀, 원전-재생 병행 기조를 재확인했다.","재생에너지 확대와 전력망 안정화, 원전을 균형있게 활용하는 에너지 전략은 탄소중립과 에너지 안보를 동시에 달성하기 위한 핵심 과제",에너지믹스(원전-재생 병행),지지,AI 수집(원문 대조 필요),Y,한-튀르키예 에너지장관 양자회담(서울 웨스틴조선호텔). 전기신문(electimes.com) 전수조사(2025.07~2026.07) 결과 병합.
기후부,언론기사,t3,"김성환 장관 ""히트펌프·가스 제로섬…탈탄소화 위해 전기화 불가피""",전기신문,,2026-03-04,https://www.electimes.com/news/articleView.html?idxno=365681,"히트펌프-가스 산업의 제로섬 관계를 인정하면서도 탈탄소화를 위한 난방 전기화가 불가피하다고 밝혔고, 국민 세금 투입을 근거로 국내 히트펌프 산업 생태계 복원·일자리 창출·국산 제품 보급을 정책 목표로 제시했다.","히트펌프와 가스 산업은 제로섬 성격이 있지만, 탈탄소화를 위해 기존 가스·등유 기반 난방 시스템을 전기화하는 과정은 불가피합니다.",냉난방 전기화·히트펌프 산업,지지,AI 수집(원문 대조 필요),Y,서울 FKI타워 히트펌프 업계 간담회. 전기신문(electimes.com) 전수조사(2025.07~2026.07) 결과 병합.
기후부,언론기사,t3,"김성환 기후장관, 태양광 협단체와 간담회...민관협력 방안 논의",전기신문,,2026-03-06,https://www.electimes.com/news/articleView.html?idxno=365761,"태양광 발전사업을 에너지 대전환의 핵심으로 규정하고, 업계 현장 의견을 반영한 실효성 있는 정책을 민관 협력으로 신속히 마련하겠다는 의지를 표명했다.","태양광 발전사업은 에너지 대전환의 핵심""이라면서 ""현장에서의 지혜와 경험을 바탕으로 실효성 있는 정책을 조속히 마련할 수 있도록, 민관이 함께 추진해 나가겠다",재생에너지 확대·가격경쟁력,지지,AI 수집(원문 대조 필요),Y,전기신문(electimes.com) 전수조사(2025.07~2026.07) 결과 병합.
기후부,언론기사,t3,김성환 기후부 장관-한재연 간담회...미준공 사업·PPA 활성화 등 건의,전기신문,,2026-03-09,https://www.electimes.com/news/articleView.html?idxno=365790,"재생에너지 100GW 목표 달성 의지를 재확인하고, 태양광 미준공 사업 등 업계 애로를 면밀히 살피겠다고 답변했으며, 재생에너지 정책의 핵심을 발전단가 저감에 두고 정부 지원을 확대하겠다고 밝혔다.","정부는 재생에너지 100GW 목표 설정 후 이를 달성하기 위해 노력 중"" / ""정부의 재생에너지 방향은 발전단가의 저감에 있으며, 정부차원에서 지원할 수 있는 일들을 적극 추진할 예정",재생에너지 확대·가격경쟁력,지지,AI 수집(원문 대조 필요),Y,"한국재생에너지산업협회연합회(한재연) 간담회(행사 3/6, 게재 3/9). 전기신문(electimes.com) 전수조사(2025.07~2026.07) 결과 병합."
기후부,언론기사,t3,"중동發 에너지 가격 급등…기후부, 원전 재가동·석탄 운전 조정",전기신문,,2026-03-11,https://www.electimes.com/news/articleView.html?idxno=365906,"국제 에너지가격 변동에 취약한 한국의 수입 화석연료 의존 구조를 진단하며, 원전 재가동·석탄발전 운전 조정 등 단기 대응과 재생에너지 중심 구조 전환의 필요성을 함께 제시했다.",우리나라 에너지 시스템은 수입 화석연료 의존도가 높아 국제 에너지 가격 변동에 취약하다,에너지안보·수급위기대응,우려,AI 수집(원문 대조 필요),Y,한국전력 남서울본부 에너지정책 점검회의. 전기신문(electimes.com) 전수조사(2025.07~2026.07) 결과 병합.
기후부,언론기사,t3,"중동 사태로 에너지 안보 중요성↑…김성환 기후장관, 재생E 현장 점검",전기신문,,2026-03-11,https://www.electimes.com/news/articleView.html?idxno=365917,"중동發 지정학적 리스크 확대를 계기로 에너지 안보 차원에서 재생에너지 중심 전환이 필수 과제라고 강조, 수입 화석연료 의존 완화의 당위성을 재확인했다.","지정학적 위험이 커질수록 에너지 안보는 더욱 중요해지며, 재생에너지 중심의 에너지 전환은 더 이상 선택이 아니라 필수적인 과제",재생에너지 확대·가격경쟁력,지지,AI 수집(원문 대조 필요),Y,시흥·안산·화성 등 경기 서남권 재생에너지 시설 현장점검. 전기신문(electimes.com) 전수조사(2025.07~2026.07) 결과 병합.
기후부,언론기사,t3,"김성환 장관 ""원유 위기 심해지면 재택근무 검토…원전도 곧 재가동""",전기신문,,2026-03-24,https://www.electimes.com/news/articleView.html?idxno=366344,"중동 정세로 인한 원유공급 위기가 현실화될 경우 공공부문 5부제·재택근무 등 고강도 수요절감 조치를 검토하겠다고 밝혔고, 가동 중단 중인 고리2호기는 원안위 승인 시 이르면 3월 말~4월 초 재가동 가능하다고 언급했다.","에너지 수급 위기가 현실화할 경우 더 강도 높은 조치가 불가피하다"" / ""현재 가동이 중단된 원전 중 고리2호기는 원자력안전위원회가 계속 운전을 승인하면 이르면 이달 말이나 내달 초에 재가동할 수 있다",에너지안보·수급위기대응,우려,AI 수집(원문 대조 필요),Y,중동發 원유공급 위기 대응 관련 정부서울청사 브리핑. 전기신문(electimes.com) 전수조사(2025.07~2026.07) 결과 병합.
기후부,언론기사,t3,"""재생E로 만든 청정수소""…국내 최대 김천 그린수소 시설 준공",전기신문,,2026-03-25,https://www.electimes.com/news/articleView.html?idxno=366392,"국내 최대 규모 김천 그린수소 생산단지 준공을 계기로, 재생에너지 기반 청정수소 생산 확대가 국내 수소산업 생태계 구축에 기여할 것이라는 기대를 표명했다.",김천 그린수소 생산단지가 국내 청정수소 생산 기반 마련과 산업생태계 구축에 큰 기여를 할 것,그린수소·재생에너지 연계,지지,AI 수집(원문 대조 필요),Y,삼성물산 김천 그린수소 생산시설 준공식 축사. 전기신문(electimes.com) 전수조사(2025.07~2026.07) 결과 병합.
기후부,언론기사,t3,"종량제봉투 품귀에 김성환 기후장관 현장 점검…""공급 여력 충분""",전기신문,,2026-04-03,https://www.electimes.com/news/articleView.html?idxno=366721,"중동 분쟁으로 인한 나프타 수급 차질로 전국적 종량제봉투 품귀 우려가 제기되자 생산업체를 직접 점검하고, 봉투 재고와 원료보유량을 종합 검토한 결과 공급 여력이 충분하다며 안정화 메시지를 냈다.",봉투 재고 물량과 원료보유량 등을 종합적으로 검토했을 때 공급 여력이 충분하다,폐기물·자원순환,지지,AI 수집(원문 대조 필요),Y,전기신문(electimes.com) 전수조사(2025.07~2026.07) 결과 병합.
기후부,언론기사,t3,"""에너지 위기, 자립으로 극복""…정부, 재생E 중심 新안보 체계 마련",전기신문,,2026-04-06,https://www.electimes.com/news/articleView.html?idxno=366777,중동전쟁 등 대외 충격에도 흔들리지 않는 에너지 자립체계 구축을 위해 '국민주권정부 에너지 대전환 추진계획'을 신속히 추진하겠다는 입장을 밝혔다. 기후금융을 2035년까지 420조원에서 790조원으로 확대하는 방안도 함께 발표됐다.,국민주권정부 에너지 대전환 추진계획을 신속히 추진해 우리나라를 중동전쟁 등 대외적 충격에도 흔들리지 않도록 만들어가겠다,재생에너지 확대·가격경쟁력,지지,AI 수집(원문 대조 필요),Y,국무회의 보고 발언. 전기신문(electimes.com) 전수조사(2025.07~2026.07) 결과 병합.
기후부,언론기사,t3,10일 '제61회 전기의 날' 기념식…장현우 대표 금탑훈장 수훈,전기신문,,2026-04-10,https://www.electimes.com/news/articleView.html?idxno=366947,"새로운 방식으로 전기를 생산하고 먼저 '전기국가'를 실현하는 것이 곧 국가경쟁력이라고 규정하며, 재생에너지 중심의 전면적 전기화를 통해 국민과 기업 모두에게 혜택이 돌아가는 에너지 대전환을 추진 중이라고 밝혔다.","전기를 새로운 방식으로 누가 더 잘 만드냐, 누가 먼저 전기국가를 실현하느냐가 국가 경쟁력이 된다",전기화·에너지대전환 비전,지지,AI 수집(원문 대조 필요),Y,제61회 전기의 날 기념식 축사(서울신라호텔). 전기신문(electimes.com) 전수조사(2025.07~2026.07) 결과 병합.
기후부,언론기사,t3,'특혜 논란' 전기차 보조금 수행자 선정제…김성환 장관 사과·재검토 지시,전기신문,,2026-04-14,https://www.electimes.com/news/articleView.html?idxno=367028,"전기차 보조금 수행자 선정 기준이 특정 국내 업체에 특혜를 준다는 논란에 대해 주무 장관으로서 세부 배점을 충분히 살피지 못했음을 사과하고 재검토를 지시했으며, 국내 산업 보호 취지는 유지하되 적절한 경쟁이 보장되어야 한다는 입장을 밝혔다.","주무 장관으로서 세부 배점까지 충분히 살피지 못한 점에 대해 죄송하게 생각한다"" / ""국민 세금이 투입되는 만큼 국내 산업 보호라는 취지는 필요하지만, 그것이 독이 되지 않도록 적절한 경쟁이 유지되어야 한다",전기차 충전인프라 보조금체계,우려,AI 수집(원문 대조 필요),Y,"국회 예산결산특별위원회 종합정책질의(4월8일), 이소영 의원 질의 답변. 전기신문(electimes.com) 전수조사(2025.07~2026.07) 결과 병합."
기후부,언론기사,t3,"기후부, 여수서 '녹색대전환 국제주간' 개최…기후·에너지안보 협력 논의",전기신문,,2026-04-15,https://www.electimes.com/news/articleView.html?idxno=367032,"기후·에너지 위기 극복을 위한 국제사회 공조가 선택이 아닌 필수라고 강조하며, 여수 녹색대전환 국제주간이 국제 협력을 공고히 하는 계기가 되길 기대한다고 밝혔다.",기후·에너지 위기를 극복하기 위해 국제사회가 함께 해법을 모색하고 협력을 강화하는 것은 선택이 아니라 필수다.,해외 에너지협력·수출지원,지지,AI 수집(원문 대조 필요),Y,전기신문(electimes.com) 전수조사(2025.07~2026.07) 결과 병합.
기후부,언론기사,t3,"""정의로운 전환이 원칙돼야""…기후부-발전 노동조합 기능재편 방안 논의",전기신문,,2026-04-16,https://www.electimes.com/news/articleView.html?idxno=367110,"발전공기업 기능 재편을 에너지 대전환에서의 효과적 역할 수행 관점에서 검토하겠다며, 하위직 인위적 구조조정은 없을 것이라 밝히면서도 석탄발전 폐지에 따른 불가피한 인력 재배치는 노동계와 함께 논의해야 한다는 균형적 입장을 취했다.","에너지 대전환을 위해 발전공기업의 선도적 역할이 중요하다""…""하위직의 인위적 인력 구조조정은 없을 것이나, 석탄폐지 등에 따른 불가피한 인력 재배치 등은 함께 고민해야 봐야 한다",석탄발전 조기폐지·정의로운전환,중립,AI 수집(원문 대조 필요),Y,2026.04.16 발전 5개사 노동조합 간담회 관련 별도 기사(367110/367175)와 동일 행사 발언. 각 기사의 인용문이 달라 모두 수집.
기후부,언론기사,t3,[현장-아파트 전기차 충전 간담회] 요금·운영·기술의 삼각 딜레마,전기신문,,2026-04-17,https://www.electimes.com/news/articleView.html?idxno=367147,"전기차 충전 보조금이 특정 민간 충전사업자(CPO)에게만 지급되어야 할 이유가 없다고 지적하며, 아파트 단지가 보조금을 직접 받아 운영업체를 자율 선택하거나 자체 관리할 수 있도록 보조금 지급체계를 개편할 필요성을 시사했다.",국민의 세금을 꼭 특정 사업자에게 줄 이유가 없다,전기차 충전인프라 보조금체계,우려,AI 수집(원문 대조 필요),Y,"아파트 전기차 충전 간담회(4월16일, 정부서울청사 별관). 전기신문(electimes.com) 전수조사(2025.07~2026.07) 결과 병합."
기후부,언론기사,t3,"전력연맹 ""하나된 발전공기업 통합 필요""",전기신문,,2026-04-17,https://www.electimes.com/news/articleView.html?idxno=367175,"발전공기업 구조개편 논의에서 에너지 대전환을 위한 발전공기업의 선도적 역할을 강조하면서도, 구조조정이 하위직 인력의 인위적 구조조정으로 이어지지는 않을 것이라고 노동계를 안심시켰다.","에너지 대전환을 위해 발전공기업의 선도적 역할이 중요하다""…""하위직에 대한 인위적 인력 구조조정은 없을 것",조직·정책 우선순위,중립,AI 수집(원문 대조 필요),Y,2026.04.16 발전 5개사 노동조합 간담회 관련 별도 기사(367110/367175)와 동일 행사 발언. 각 기사의 인용문이 달라 모두 수집.
기후부,언론기사,t3,"한-베트남, 전력 인프라·물안보 협력 확대…국내 기업 진출 물꼬",전기신문,,2026-04-22,https://www.electimes.com/news/articleView.html?idxno=367304,"베트남의 전력망 확충 및 아세안 파워그리드 사업 확대에 발맞춰, 한국 전력산업(K-전력)이 수출산업으로 성장할 수 있도록 정부가 적극 지원하겠다는 입장을 밝혔다.",베트남의 국가 전력망 확충 계획과 아세안 파워 그리드(ASEAN Power Grid) 사업이 속도를 내는 가운데 K-전력 산업이 수출 산업으로 크게 성장할 수 있도록 정부도 적극 지원하겠다,해외 에너지협력·수출지원,지지,AI 수집(원문 대조 필요),Y,베트남 LS Eco Energy 현지법인(LS VINA) 방문. 전기신문(electimes.com) 전수조사(2025.07~2026.07) 결과 병합.
기후부,언론기사,t3,"기후부, 기후행동 준비위 출범…""탄소중립 위한 실천 문화 확산""",전기신문,,2026-04-28,https://www.electimes.com/news/articleView.html?idxno=367496,"탄소중립 실현을 위해 모두가 절박한 마음으로 함께 행동해야 할 때라고 강조하며, 신설된 기후행동 준비위원회가 선언을 실천으로, 실천을 문화로 확산시키는 범국민적 구심점이 되길 기대한다고 밝혔다.","이제는 모두가 절박한 마음으로 함께 행동해야 할 때""라며 ""탄소중립·에너지대전환을 위한 대한민국 기후행동 준비위원회가 선언을 실천으로, 실천을 문화로 확산시키는 범국민 기후행동의 구심점이 되기를 기대한다",탄소중립 국민실천·기후행동,지지,AI 수집(원문 대조 필요),Y,대한민국 기후행동 준비위원회 출범식 개회사(한국의집). 전기신문(electimes.com) 전수조사(2025.07~2026.07) 결과 병합.
기후부,언론기사,t3,"기후부, 햇빛소득 마을 700개 연내 차질 없이 조성…애로·지원 논의",전기신문,,2026-05-07,https://www.electimes.com/news/articleView.html?idxno=367746,"햇빛소득마을을 주민참여·이익공유형 에너지전환의 대표 모델로 규정하고, 연내 700개 이상 마을 조성과 전국 확산 기반 조기 마련을 목표로 제시했다.","햇빛소득마을은 주민이 참여하고 이익을 공유하는 가장 현실적인 에너지 전환의 본보기로 연내 700개 이상 마을을 차질 없이 조성하고, 전국 확산 기반을 조기에 마련하겠다",햇빛소득마을·재생E 주민참여,지지,AI 수집(원문 대조 필요),Y,전기신문(electimes.com) 전수조사(2025.07~2026.07) 결과 병합.
기후부,언론기사,t3,"""햇빛소득마을 전국 확산, '고비용·계통·규제' 문턱부터 넘어야""",전기신문,,2026-05-07,https://www.electimes.com/news/articleView.html?idxno=367764,햇빛소득마을 전국 확산을 위해서는 페이퍼컴퍼니의 시장 진입을 막으면서도 특정 업체에 대한 특혜 없이 제한경쟁을 통해 비용 거품을 제거해야 한다는 균형적 입장을 밝혔다.,페이퍼컴퍼니 진입은 막아야 하지만 특정 업체 특혜도 안 된다며 제한경쟁을 통해 가격을 낮추되 거품도 제거해야 한다,햇빛소득마을·재생E 주민참여,중립,AI 수집(원문 대조 필요),Y,전기신문(electimes.com) 전수조사(2025.07~2026.07) 결과 병합.
기후부,언론기사,t3,"AIDC 전력 확보에 총력…과기부-기후부, 공동TF 가동",전기신문,,2026-05-12,https://www.electimes.com/news/articleView.html?idxno=367938,"AI데이터센터 확충을 위해 안정적 전력의 적기 공급이 최우선 과제라며, 한국의 우수한 전력시스템을 경쟁력으로 삼아 재생에너지 중심 에너지대전환을 가속화하고 첨단산업을 뒷받침하는 전력산업 구조를 확립하겠다고 밝혔다.",현재 인공지능 데이터센터 구축에 있어서 안정적인 전력을 적기에 공급하는 것이 가장 중요한 과제로 우리나라의 우수한 전력시스템은 인공지능 기반시설 확충의 강력한 경쟁력이 될 것,전력망·용수 확충(반도체·AI데이터센터),지지,AI 수집(원문 대조 필요),Y,기후부-과기정통부 AI-에너지 정책 협력 MOU 체결식. 전기신문(electimes.com) 전수조사(2025.07~2026.07) 결과 병합.
기후부,언론기사,t3,"김성환 기후장관, 장주기 ESS 생산 공정 현장 점검",전기신문,,2026-05-13,https://www.electimes.com/news/articleView.html?idxno=367967,"재생에너지가 주력 전원이 되려면 장주기 ESS의 기술 다변화와 조기 상용화가 필수적이라고 보고, 국내 운전이력 확보 등 세계시장 진출을 위한 정책 지원을 아끼지 않겠다고 밝혔다.",재생에너지가 진정한 주력 전원이 되기 위해서는 이를 뒷받침할 장주기 ESS의 기술 다변화와 조기 상용화가 무엇보다 중요하다,ESS·장주기저장 기술육성,지지,AI 수집(원문 대조 필요),Y,대전·충남 지역 장주기 ESS 기업·연구기관 현장 방문. 전기신문(electimes.com) 전수조사(2025.07~2026.07) 결과 병합.
기후부,언론기사,t3,햇빛소득마을 실행 로드맵 구체화...실무협의체 띄우며 속도전,전기신문,,2026-05-15,https://www.electimes.com/news/articleView.html?idxno=368083,햇빛소득마을 사업의 실행 로드맵을 구체화하는 과정에서 업계·협동조합이 참여하는 자문단을 구성해 현장 의견을 상시적으로 수렴하겠다고 밝히며 실무협의체 중심의 추진 속도를 높이겠다는 입장을 나타냈다.,업계와 협동조합 등이 참여하는 자문단을 구성해 상시적으로 현장 의견을 수렴하겠다,햇빛소득마을·재생E 주민참여,지지,AI 수집(원문 대조 필요),Y,'햇빛소득마을 토론회'(5월7일). 전기신문(electimes.com) 전수조사(2025.07~2026.07) 결과 병합.
기후부,언론기사,t3,"""GW급 태양광 단지 10개 이상 개발한다""",전기신문,,2026-05-19,https://www.electimes.com/news/articleView.html?idxno=368201,"재생에너지 기본계획과 전력수급기본계획을 탄소중립 실현과 안정적 에너지공급이라는 국가적 과제 해결을 위한 두 축으로 규정했으며, 이 계획을 통해 GW급 태양광 단지 10개 이상을 개발하겠다는 목표를 제시했다.",이날 논의하는 재생에너지 기본계획 및 전력수급기본계획은 탄소중립 실현과 안정적 에너지 공급이라는 국가적 과제를 해결하기 위한 양대 축,재생에너지 확대·가격경쟁력,중립,AI 수집(원문 대조 필요),Y,"제38차 에너지위원회, 제1차 재생에너지 기본계획(2026~2035) 발표. 원문 인용이 다소 요약적이라 원문 대조 권장. 전기신문(electimes.com) 전수조사(2025.07~2026.07) 결과 병합."
기후부,언론기사,t3,"김성환 기후장관, 러브버그 방제 현장 점검…""여름철 국민 불편 최소화""",전기신문,,2026-05-25,https://www.electimes.com/news/articleView.html?idxno=368431,러브버그 등 기후변화로 인한 생활 불편 요소에 대응하기 위해 지방정부와 예찰·현장 대응 체계를 한층 강화해 여름철 국민 불편을 최소화하겠다고 밝혔다.,"러브버그는 기후변화 등의 영향에 따라 지속적으로 우리 삶의 불편요소로 작용할 가능성이 있다""며 ""다가오는 성충 발생 시기를 앞두고 지방정부와 함께 예찰과 현장 대응을 한층 강화해 올여름 국민 불편을 최소화하는데 역량을 집중하겠다",기후적응·생활환경 대응,지지,AI 수집(원문 대조 필요),Y,서울 노원구 불암산 러브버그 방제 현장 점검. 전기신문(electimes.com) 전수조사(2025.07~2026.07) 결과 병합.
기후부,언론기사,t3,"김성환 장관 ""SMP 급등으로 한전 적자 나지 않게""…SMP 상한제 재도입 시사",전기신문,,2026-06-04,https://www.electimes.com/news/articleView.html?idxno=368753,"SMP 급등으로 한전 적자가 발생하지 않도록 가격상한제 또는 사후정산제 도입을 검토하고 있다고 밝히며, SMP 급등기에 과도한 이익을 얻은 민간 가스발전사에 대한 이익 환수 방안도 내부 검토 중이라고 밝혔다.","러시아-우크라이나 전쟁 당시 가스가격에 대해 적극적 대책을 세우지 못하는 바람에 SMP 가격이 200원(kWh당)을 넘긴 적이 있다"" / ""가격상한제로 할지 사후정산제로 할지 등을 검토해, 발전사들이 과도한 폭리를 취하지 않도록 제도를 설계하겠다",SMP·전력시장 제도개선,우려,AI 수집(원문 대조 필요),Y,국민주권정부 출범 1주년 기자간담회(정부서울청사). 전기신문(electimes.com) 전수조사(2025.07~2026.07) 결과 병합.
기후부,언론기사,t3,햇빛소득마을 ESS 주민부담 낮춘다…민간 VPP 참여 검토,전기신문,,2026-06-04,https://www.electimes.com/news/articleView.html?idxno=368755,"햇빛소득마을 ESS 사업에서 주민의 설치·운영 부담을 줄이고 민간 VPP 사업자의 전문성을 활용하는 구조로 개편해, 주민 수익 확대와 지역 전력망 안정을 동시에 달성하겠다는 방침을 밝혔다.",주민 부담은 줄이고 민간의 전문성은 살려 주민 수익 확대와 지역 전력망 안정이 함께 이뤄질 수 있도록 햇빛소득마을 ESS 사업을 속도감 있게 추진하겠다,햇빛소득마을·재생E 주민참여,지지,AI 수집(원문 대조 필요),Y,'햇빛소득마을 ESS 사업 개선 회의'(한강홍수통제소). 전기신문(electimes.com) 전수조사(2025.07~2026.07) 결과 병합.
기후부,언론기사,t3,"韓-EU, 차관급 에너지 대화창구 신설…재생E·전기화 등 공조",전기신문,,2026-06-10,https://www.electimes.com/news/articleView.html?idxno=368959,"중동발 에너지 위기를 재생에너지 확대와 전기화를 가속화하는 계기로 삼아야 한다는 입장을 밝히고, 탄소중립·에너지안보 달성을 위해 EU를 한국의 핵심 파트너로 규정했다. 이를 계기로 한-EU 차관급 에너지 대화창구를 신설하기로 했다.","이번 중동발 에너지 위기를 재생에너지 확대와 전기화를 앞당기는 기회로 삼아 전기국가로 조속히 거듭나야 하며, 탄소중립과 에너지 안보를 달성하기 위해 유럽연합은 우리나라의 가장 핵심적인 동반자가 될 것",해외 에너지협력·수출지원,지지,AI 수집(원문 대조 필요),Y,"벨기에 브뤼셀, EU 에너지 집행위원(Dan Jørgensen)과 양자회담. 전기신문(electimes.com) 전수조사(2025.07~2026.07) 결과 병합."
기후부,언론기사,t3,올여름 최대전력 수요 98.8GW까지 오른다…'역대 최대' 전망,전기신문,,2026-06-25,https://www.electimes.com/news/articleView.html?idxno=369535,"올여름 최대전력수요가 역대 최고치인 98.8GW까지 오를 것으로 전망되는 가운데, 정부와 전력기관이 빈틈없는 위기대응체계를 구축해 국민 일상과 산업활동을 안정적으로 뒷받침해야 한다고 강조했다. 발전소 근로자의 안전한 근무 여건 확보도 함께 당부했다.",정부와 전력기관은 빈틈없는 전력수급 위기 대응체계를 구축하여 국민의 평온한 일상과 기업·산업의 경제활동을 안정적으로 뒷받침해줄 것,전력수급 안정·하절기 대응,중립,AI 수집(원문 대조 필요),Y,"한국중부발전 서울발전본부, 여름철 전력수급 대책회의. 전기신문(electimes.com) 전수조사(2025.07~2026.07) 결과 병합."
기후부,언론기사,t3,"서남권 반도체 클러스터 '물' 확보 가능할까…정부 ""공급 문제없어""",전기신문,,2026-06-30,https://www.electimes.com/news/articleView.html?idxno=369722,"서남권 반도체 클러스터에 필요한 전력(6.3GW)과 용수(일 65만t)를 차질 없이 공급하겠다고 밝혔으며, 예상 수요를 넘어서는 여유분까지 미리 확보하겠다는 입장을 제시했다. 관계부처·지자체 협의를 통한 인허가 신속화 의지도 밝혔다.","서남권 반도체 공장에 필요한 6.3GW의 전력과 하루 65만t의 용수를 차질 없이 공급하겠다""며 ""그 이상의 전력과 물도 미리 준비해 놓겠다",전력망·용수 확충(반도체·AI데이터센터),지지,AI 수집(원문 대조 필요),Y,'대한민국 대도약 3대 메가프로젝트 국민보고회'(6월29일) 관련 발언. 전기신문(electimes.com) 전수조사(2025.07~2026.07) 결과 병합.
기후부,언론기사,t3,"한-몽골, 에너지 전환 협력 본격화…재생E·히트펌프 사업 추진",전기신문,,2026-07-09,https://www.electimes.com/news/articleView.html?idxno=370156,"정상외교를 계기로 한국의 히트펌프·재생에너지·ESS 기술을 활용해 몽골의 에너지 전환을 지원하고, 국내 기업의 친환경 에너지 해외시장 진출을 정부가 적극 뒷받침하겠다고 밝혔다.","이번 정상외교를 계기로 우리의 히트펌프·재생에너지·에너지저장장치(ESS) 기술을 토대로 몽골의 에너지 전환을 지원하겠다""며 ""우리 기업들이 친환경 에너지 시장으로 진출할 수 있도록 정부가 확실히 뒷받침하겠다",해외 에너지협력·수출지원,지지,AI 수집(원문 대조 필요),Y,한-몽골 정상외교 계기 발표. 전기신문(electimes.com) 전수조사(2025.07~2026.07) 결과 병합.
기후부,언론기사,t3,"'메가 프로젝트' 성패 전력망에 달렸다···전력당국, 대책 마련에 분주",전기신문,,2026-07-16,https://www.electimes.com/news/articleView.html?idxno=370368,"호남권 반도체 산업단지 조성의 성패가 전력 인프라 확충 속도에 달려 있다고 보고, 인허가 절차와 공사 기간 단축을 위해 행정 역량을 총동원하겠다는 의지를 밝혔다. 반도체 등 첨단산업 지원을 위한 전력망 확충을 정부 최우선 과제로 제시했다.","호남권 반도체 산단 조성의 핵심 선결과제는 속도감 있는 전력 기반시설(인프라) 확충""이며, ""전력공급을 위한 기반시설이 조기에 구축될 수 있도록 모든 행정 역량을 집중해 인허가 절차와 공사 기간을 단축하겠다",전력망·용수 확충(반도체·AI데이터센터),지지,AI 수집(원문 대조 필요),Y,호남권 반도체 산단 전력공급 계획 현장 방문. 전기신문(electimes.com) 전수조사(2025.07~2026.07) 결과 병합.
기후부,언론기사,t3,"""지역이 주도하는 탄소중립""…기후부, 실행전략 공개",전기신문,,2026-07-08,https://www.electimes.com/news/articleView.html?idxno=370061,"지방정부가 건물·수송·폐기물 등 지역 주민 생활과 밀접한 분야에서 온실가스 감축과 탄소중립을 실행하는 중추적 역할을 담당한다고 강조하며, 국가 전체 탄소중립 목표 달성을 위해 지방정부의 적극적·주도적 이행이 반드시 필요하다고 밝혔다.","지방정부는 건물과 수송, 폐기물 등 지역 주민의 생활과 밀접한 분야에서 직접적으로 온실가스 감축과 탄소중립을 실행하는 중추적인 역할을 담당하고 있다""며 ""국가 전체의 탄소중립 목표를 달성하기 위해서는 지방정부의 적극적이고 주도적인 이행이 반드시 필요하다",탄소중립 실행전략(지자체),지지,AI 수집(원문 대조 필요),Y,"한전 남서울본부, 광역 지방정부 부단체장 대상 간담회, '지역사회 탄소중립 달성을 위한 실행전략' 발표. 전기신문(electimes.com) 전수조사(2025.07~2026.07) 결과 병합."
기후부,언론기사,t3,"""광주·전남 반도체 산단 용수 공급 문제없어""…李·기후장관 한 목소리",전기신문,,2026-06-27,https://www.electimes.com/news/articleView.html?idxno=369635,"일부 언론이 제기한 반도체 산단 용수 공급 우려에 대해 SNS를 통해 반박하며, 반도체 산업은 안정적인 물과 전력 공급이 무엇보다 중요한 산업이라는 점을 강조하고 정부가 검토하는 내용과는 차이가 있다고 밝혔다.","현재 정부가 검토하는 내용과 차이가 있다"" / ""반도체 산업은 안정적인 물과 전력 공급이 무엇보다 중요한 산업",전력망·용수 확충(반도체·AI데이터센터),지지,AI 수집(원문 대조 필요),Y,장관 SNS를 통한 반박. 전기신문(electimes.com) 전수조사(2025.07~2026.07) 결과 병합.
기후부,언론기사,t3,"김성환 기후장관, 섬진강 본류 따라 홍수 대응체계 점검",전기신문,,2026-06-17,https://www.electimes.com/news/articleView.html?idxno=369191,"섬진강이 5대강 중 가장 우수한 수생태계 건강성을 확보하고 있다고 평가하며, 자연과 사람이 공존하는 지속가능한 섬진강을 만들기 위해 유역 통합관리를 강화하겠다고 밝혔다.",섬진강은 우리나라에서 4번째로 긴 강으로 5대강 중 가장 우수한 수생태계 건강성을 확보하고 있다. 이번 방문을 계기로 자연과 사람이 공존하는 지속가능한 섬진강을 만들기 위해 유역 통합관리를 강화하겠다,물관리·댐·가뭄대응,지지,AI 수집(원문 대조 필요),Y,섬진강 유역 시설(섬진강댐·홍수통제출장소·습지·생태공원 등) 현장 점검. 전기신문(electimes.com) 전수조사(2025.07~2026.07) 결과 병합.
기후부,언론기사,t3,"김성환 기후장관, 용인 반도체 클러스터 점검…'전력·용수 적기 공급'",전기신문,,2026-07-22,https://www.electimes.com/news/articleView.html?idxno=370553,"반도체를 대체 불가능한 핵심 국가 전략산업으로 규정하며 투자의 골든타임을 놓치지 않는 것이 중요하다고 강조했고, 용인 반도체 산단의 필수 인프라인 전력과 용수를 적기에 공급하기 위해 정부의 모든 역량을 집중하겠다고 밝혔다.","반도체는 대체 불가능한 핵심 국가 전략산업인 만큼 투자의 골든타임을 놓치지 않는 것이 무엇보다 중요하다""며 ""정부는 용인 반도체 산단의 필수 인프라인 전력과 용수를 적기에 공급할 수 있도록 모든 역량을 집중하겠다",전력망·용수 확충(반도체·AI데이터센터),지지,AI 수집(원문 대조 필요),Y,"'대한민국 대도약 3대 메가프로젝트' 후속조치, 용인 반도체 클러스터 현장 방문. 전기신문(electimes.com) 전수조사(2025.07~2026.07) 결과 병합."
기후부,언론기사,t3,"김성환 환경장관 후보자, 인사청문회서 재생에너지-원전 병행 입장 표명",경향신문,,2025-07-15,https://www.khan.co.kr/article/202507152134015,"국회 환경노동위 인사청문회에서 재생에너지 중심 전환을 하면서도 원전을 함께 고려하는 에너지믹스의 필요성을 강조. 문재인 정부의 탈원전 정책으로 인한 에너지정책 혼란을 비판하며, 이성적이고 합리적인 에너지 정책 추진을 제시.",재생에너지 중심으로 가되 원전을 배제하지 않고 합리적인 수준의 에너지믹스를 이성적으로 논의해야 한다,에너지믹스(원전-재생 병행),중립,웹 검색 수집,Y,2025년 7월 15일 국회 환경노동위 인사청문회. 취임 전 후보자 발언으로 기후부 에너지정책 기조 제시.
기후부,인터뷰,t2,김성환 환경장관 후보자 기고: 기후에너지부 조속히 신설 필요,한경,,2025-06-24,https://magazine.hankyung.com/business/article/202506246879b,취임 전 환경장관 후보자 신분으로 기후에너지환경부 통합 개편의 필요성을 강조하고 국가온실가스감축목표(NDC) 후퇴 불가를 명확히 함. 재생에너지 비중 확대를 통한 NDC 목표 달성의 의지를 표현.,"기후에너지부 통합 신설이 시대적 필요이며, NDC 후퇴는 있을 수 없다. 재생에너지 비중을 얼마나 높일 수 있는지가 관건",감축목표 정합성,지지,웹 검색 수집,Y,"2025년 6월 당선인 시점의 발언으로, 장관 임명 전 에너지 정책 방향 제시."
기후부,프로필,t3,[프로필] 김성환 환경부 장관 후보자…입법·행정 경험 풍부한 중진 정치인,뉴시스,,2025-06-23,https://www.newsis.com/view/NISX20250623_0003223747,"제20·21·22대 국회의원 역임, 에너지특별위원회 위원, 산업통상자원중소벤처기업위원회 및 기후에너지특별위원회 활동 등을 통해 에너지·기후정책 입법을 주도해온 프로필 소개. 이전부터 재생에너지 관련 입법과 기후정책 추진에 적극 참여해온 의원임을 강조.","제20·21·22대 국회의원 역임, 에너지특별위원회 위원, 기후에너지특별위원회 등에서 재생에너지와 탄소중립 정책 추진 주도",조직·정책 우선순위,지지,웹 검색 수집,Y,2025년 6월 장관 후보자 프로필 기사로 그동안의 에너지정책 관련 입법·행정 활동 배경 설명.
기후부,정부 업무보고,t1,[2026 업무보고] 2035 NDC 확정과 기후에너지 대전환 착수,기후에너지환경부,,2025-12-17,doc://2026-work-report/climate#s1,"기후에너지환경부는 2025년 성과로 2035 국가온실가스감축목표(NDC)를 2018년 대비 53~61% 범위에서 확정하고, 이를 이행하기 위한 에너지 대전환에 착수했다고 밝힌다. 부처 출범 이후 기후·에너지·환경을 아우르는 통합 거버넌스를 구축하고, 재생에너지 확대와 산업·건물·수송 부문 감축을 위한 정책 기반을 마련했다. NDC 목표는 국제사회에 제출되었으며, 국내적으로는 부문별 이행 로드맵과 중앙-지방 협력체계를 설계하는 단계로 이어진다. 정부는 탄소중립과 경제성장을 병행하는 '기후경제' 실현을 핵심 방향으로 제시한다.",2035 NDC를 '18년 대비 53~61%로 확정,기후/NDC,강조,Admin,Y,"정부 업무보고 PDF 섹션 요약(AI 초안, 원문 대조 권장). 페이지 p.2,3"
기후부,정부 업무보고,t1,[2026 업무보고] 재생에너지 비중 확대와 에너지 대전환,기후에너지환경부,,2025-12-17,doc://2026-work-report/climate#s2,"화석연료 중심 에너지 체계를 재생에너지 중심으로 전환하기 위해 재생에너지 발전 비중을 대폭 확대한다. 태양광·풍력 등 재생에너지 설비를 대규모로 보급하고, 계통 수용성 제고와 분산에너지 활성화를 병행한다. 원전과 재생에너지를 함께 활용하는 무탄소 전원 믹스를 추진하되, 재생에너지 확대에 정책 우선순위를 둔다. 에너지 대전환은 온실가스 감축의 핵심 수단이자 첨단산업 전력수요 대응의 기반으로 자리매김한다.",화석연료 중심에서 재생에너지 중심으로 에너지 체계 전환,에너지전환,적극추진,Admin,Y,"정부 업무보고 PDF 섹션 요약(AI 초안, 원문 대조 권장). 페이지 p.3,4"
기후부,정부 업무보고,t1,[2026 업무보고] 자연성 회복 물관리와 4대강 보 개방,기후에너지환경부,,2025-12-17,doc://2026-work-report/climate#s3,"훼손된 자연성을 회복하는 물관리로 전환하며, 4대강 보를 개방·처리해 강의 자연성을 되살리는 정책을 추진한다. 보 개방에 따른 수질·수생태계 변화를 모니터링하고 지역 의견을 수렴해 보 처리방안을 마련한다. 지속가능한 물순환 체계를 구축하고 하천 생태 복원과 수자원 관리를 통합적으로 접근한다. 기후위기에 따른 가뭄·홍수 대응 역량을 강화하는 방향으로 물관리 정책을 재설계한다.","훼손된 자연성을 회복하는 물관리로 전환, 4대강 보 개방",물관리/자연성,적극추진,Admin,Y,"정부 업무보고 PDF 섹션 요약(AI 초안, 원문 대조 권장). 페이지 p.4,5"
기후부,정부 업무보고,t1,[2026 업무보고] 국민이 체감하는 쾌적한 일상환경 조성,기후에너지환경부,,2025-12-17,doc://2026-work-report/climate#s4,"미세먼지·폐기물·화학물질 등 국민 생활과 밀접한 환경문제를 개선해 체감할 수 있는 일상환경을 조성한다. 미세먼지 저감을 위한 배출원 관리와 계절관리제를 강화하고, 자원순환과 폐기물 감량을 확대한다. 화학물질 안전관리와 유해물질 노출 저감으로 국민 건강을 보호한다. 생활환경 전반의 질을 높여 환경정책의 성과를 국민이 직접 느낄 수 있도록 한다.",국민이 체감하는 쾌적한 일상환경 조성,생활환경,강조,Admin,Y,"정부 업무보고 PDF 섹션 요약(AI 초안, 원문 대조 권장). 페이지 p.5,6"
기후부,정부 업무보고,t1,[2026 업무보고] 향후 방향: 기후민주주의와 정의로운 전환,기후에너지환경부,,2025-12-17,doc://2026-work-report/climate#s5,"향후 정책방향으로 기후민주주의를 표방하며, 정책 수립·이행 과정에 시민 참여를 확대하고 사회적 합의를 기반으로 기후정책을 추진한다. 탄소중립 전환 과정에서 피해가 우려되는 지역·산업·노동자를 위한 정의로운 전환을 병행해 전환의 형평성을 확보한다. 기후위기 대응을 사회 전반의 과제로 확산하고, 중앙-지방-시민이 협력하는 거버넌스를 구축한다. 기후·에너지·환경 정책의 통합적 추진으로 지속가능한 사회로의 이행을 가속한다.",기후민주주의 — 시민 참여와 사회적 합의 기반 기후정책,거버넌스/정의로운전환,강조,Admin,Y,"정부 업무보고 PDF 섹션 요약(AI 초안, 원문 대조 권장). 페이지 p.6,7"
기후부,정부 업무보고,t1,[2026 업무보고] '30년 재생에너지 100GW 보급 목표,기후에너지환경부,,2025-12-17,doc://2026-work-report/climate#s6,"2030년까지 재생에너지 설비를 100GW 규모로 확대하는 대규모 보급 목표를 제시한다. 태양광과 해상풍력을 양대 축으로 대규모 발전단지를 조성하고, 공공 주도 입지 발굴과 인허가 신속화로 보급 속도를 높인다. 주민 수용성 제고를 위해 이익공유와 참여형 사업모델을 확산한다. 재생에너지 확대는 2035 NDC 달성과 무탄소 전력공급의 핵심 기반으로 추진된다.",'30년까지 재생에너지 100GW 보급,에너지전환,적극추진,Admin,Y,"정부 업무보고 PDF 섹션 요약(AI 초안, 원문 대조 권장). 페이지 p.8,9"
기후부,정부 업무보고,t1,[2026 업무보고] 에너지 고속도로: 전력망 대개조,기후에너지환경부,,2025-12-17,doc://2026-work-report/climate#s7,"재생에너지 확대에 대응해 전국을 연결하는 '에너지 고속도로'를 구축하는 전력망 대개조를 추진한다. 재생에너지 밀집 지역과 수요 지역을 잇는 대규모 송전 인프라를 확충하고, HVDC 등 첨단 계통기술을 도입한다. 지역 간 전력 융통과 계통 안정성을 높이고, 분산에너지와 연계한 지능형 전력망을 구축한다. 전력망 적기 확충을 위한 인허가·입지 제도를 개선하고 주민 수용성을 강화한다.",전국을 연결하는 '에너지 고속도로' 구축,전력망,적극추진,Admin,Y,"정부 업무보고 PDF 섹션 요약(AI 초안, 원문 대조 권장). 페이지 p.9,10"
기후부,정부 업무보고,t1,[2026 업무보고] 전력시장 개편과 재생에너지 통합,기후에너지환경부,,2025-12-17,doc://2026-work-report/climate#s8,"재생에너지 중심 전력체계에 맞춰 전력시장을 개편한다. 경직적인 현행 시장구조를 유연화해 재생에너지의 변동성을 수용하고, 가격입찰제 도입 등 시장 기반 자원배분을 확대한다. 재생에너지 전력구매계약(PPA) 활성화와 분산에너지 시장 참여를 촉진한다. 전력시장 개편으로 재생에너지 투자 유인을 높이고 계통 운영 효율을 제고한다.",재생에너지 중심 전력체계에 맞춘 전력시장 개편,전력시장,적극추진,Admin,Y,"정부 업무보고 PDF 섹션 요약(AI 초안, 원문 대조 권장). 페이지 p.10,11"
기후부,정부 업무보고,t1,[2026 업무보고] NDC 이행을 통한 산업 대도약,기후에너지환경부,,2025-12-17,doc://2026-work-report/climate#s9,NDC 이행을 산업 경쟁력 강화의 기회로 삼아 산업 대도약을 추진한다. 무탄소 전력과 청정에너지 공급으로 RE100 수요에 대응하고 첨단산업 투자를 유치한다. 산업부문 온실가스 감축을 위한 공정전환·연료전환을 지원하고 탄소중립 기술개발에 투자한다. 기후대응을 통해 새로운 산업과 일자리를 창출하는 기후경제 실현을 목표로 한다.,NDC 이행을 통한 산업 대도약 — 기후경제 실현,기후경제/산업,적극추진,Admin,Y,"정부 업무보고 PDF 섹션 요약(AI 초안, 원문 대조 권장). 페이지 p.11,12"
기후부,정부 업무보고,t1,[2026 업무보고] 건물 탈탄소화와 탄소흡수원 확충,기후에너지환경부,,2025-12-17,doc://2026-work-report/climate#s10,"온실가스 감축을 위해 건물부문 탈탄소화를 추진하며, 신축 건물의 제로에너지화와 기존 건물의 그린리모델링을 확대한다. 건물 에너지효율 기준을 강화하고 재생에너지 설비 설치를 촉진한다. 아울러 산림·해양·습지 등 자연 기반 탄소흡수원을 확충해 흡수량을 늘린다. 탄소흡수원 관리를 체계화하고 흡수량 산정·검증 체계를 고도화한다.",건물 탈탄소화와 자연 기반 탄소흡수원 확충,부문별감축,적극추진,Admin,Y,"정부 업무보고 PDF 섹션 요약(AI 초안, 원문 대조 권장). 페이지 p.12,13"
기후부,정부 업무보고,t1,[2026 업무보고] 중앙-지방 협력 NDC 이행체계 구축,기후에너지환경부,,2025-12-17,doc://2026-work-report/climate#s11,NDC 이행의 실효성을 높이기 위해 중앙과 지방이 협력하는 이행체계를 구축한다. 지방정부별 온실가스 감축목표를 설정하고 지역 여건에 맞는 이행계획을 수립하도록 지원한다. 중앙-지방 협의체를 운영해 정책을 조율하고 이행 점검을 정례화한다. 지역 단위 감축 실적을 관리하고 우수 지자체에 인센티브를 제공해 지방의 자발적 참여를 유도한다.,중앙-지방 협력 기반 NDC 이행체계 구축,거버넌스,적극추진,Admin,Y,"정부 업무보고 PDF 섹션 요약(AI 초안, 원문 대조 권장). 페이지 p.13,14"
기후부,정부 업무보고,t1,[2026 업무보고] 탈플라스틱과 순환경제 전환,기후에너지환경부,,2025-12-17,doc://2026-work-report/climate#s12,"플라스틱 오염 문제에 대응해 탈플라스틱 사회로의 전환을 추진하며, 일회용품 사용을 줄이고 재활용을 확대하는 순환경제 체계를 구축한다. 생산-소비-재활용 전 단계에서 자원순환을 촉진하고 재생원료 사용을 의무화한다. 플라스틱 국제협약 대응과 연계해 국내 정책을 정비한다. 폐기물 발생을 원천 감량하고 자원의 순환이용을 극대화한다.",탈플라스틱 사회로의 전환과 순환경제 구축,자원순환,적극추진,Admin,Y,"정부 업무보고 PDF 섹션 요약(AI 초안, 원문 대조 권장). 페이지 p.14,15"
기후부,정부 업무보고,t1,[2026 업무보고] 녹조 계절관리제와 수질 개선,기후에너지환경부,,2025-12-17,doc://2026-work-report/climate#s13,여름철 반복되는 녹조 문제에 대응해 녹조 계절관리제를 도입·강화한다. 녹조 발생 취약 수역을 집중 관리하고 오염원 유입을 사전 차단한다. 하천·호소의 수질을 개선하고 상수원 안전을 강화한다. 녹조 예방-대응-사후관리 전 과정을 체계화해 국민이 안심할 수 있는 물환경을 조성한다.,녹조 계절관리제 도입으로 수질 개선,물관리,적극추진,Admin,Y,"정부 업무보고 PDF 섹션 요약(AI 초안, 원문 대조 권장). 페이지 p.15,16"
기후부,정부 업무보고,t1,[2026 업무보고] 쾌적한 일상환경과 폐기물 직매립 금지,기후에너지환경부,,2025-12-17,doc://2026-work-report/climate#s14,국민 생활환경 개선을 위해 폐기물 직매립을 단계적으로 금지하고 소각·재활용 중심의 처리체계로 전환한다. 미세먼지 저감을 위한 배출원 관리를 강화하고 대기질을 개선한다. 소음·악취 등 생활밀착형 환경문제에 대한 대응을 강화한다. 자원순환시설을 확충하고 폐기물 처리의 안정성과 친환경성을 높인다.,"폐기물 직매립 금지, 소각·재활용 중심 전환",생활환경/자원순환,적극추진,Admin,Y,"정부 업무보고 PDF 섹션 요약(AI 초안, 원문 대조 권장). 페이지 p.16,17"
기후부,정부 업무보고,t1,[2026 업무보고] 극한호우 대응 홍수방어 체계 강화,기후에너지환경부,,2025-12-17,doc://2026-work-report/climate#s15,기후위기로 빈발하는 극한호우에 대응해 홍수방어 체계를 강화한다. 도시침수와 하천범람에 대비한 방재 인프라를 확충하고 홍수 예·경보 체계를 고도화한다. 취약지역 침수 대응을 강화하고 하천 정비와 배수시설을 확충한다. AI·디지털 기술을 활용한 홍수 예측·대응 역량을 높여 인명·재산 피해를 최소화한다.,극한호우 대응 홍수방어 체계 강화,기후적응/방재,적극추진,Admin,Y,"정부 업무보고 PDF 섹션 요약(AI 초안, 원문 대조 권장). 페이지 p.17,18"
기후부,정부 업무보고,t1,[2026 업무보고] 첨단산업 용수공급·낙동강 수질·화학안전,기후에너지환경부,,2025-12-17,doc://2026-work-report/climate#s16,반도체 등 첨단산업의 대규모 용수수요에 대응해 안정적 산업용수 공급체계를 구축한다. 낙동강 수질 개선과 안전한 먹는물 공급을 위해 수질관리를 강화하고 취수원 다변화를 추진한다. 화학물질 안전관리를 강화해 화학사고를 예방하고 유해물질로부터 국민을 보호한다. 첨단산업 성장과 환경안전을 조화시키는 통합적 물·화학 안전관리를 추진한다.,첨단산업 용수공급과 낙동강 수질·화학안전 강화,물관리/화학안전,적극추진,Admin,Y,"정부 업무보고 PDF 섹션 요약(AI 초안, 원문 대조 권장). 페이지 p.18,19"
